annotate/bed/n02818832_1.JPEG,bed
annotate/bed/n02818832_10001.JPEG,bed
annotate/bed/n02818832_1001.JPEG,bed
annotate/bed/n02818832_10018.JPEG,bed
annotate/bed/n02818832_10042.JPEG,bed
annotate/bed/n02818832_1008.JPEG,bed
annotate/bed/n02818832_10103.JPEG,bed
annotate/bed/n02818832_1011.JPEG,bed
annotate/bed/n02818832_1012.JPEG,bed
annotate/bed/n02818832_10127.JPEG,bed
annotate/bed/n02818832_10129.JPEG,bed
annotate/bed/n02818832_10143.JPEG,bed
annotate/bed/n02818832_10153.JPEG,bed
annotate/bed/n02818832_10211.JPEG,bed
annotate/bed/n02818832_1022.JPEG,bed
annotate/bed/n02818832_10220.JPEG,bed
annotate/bed/n02818832_1030.JPEG,bed
annotate/bed/n02818832_10301.JPEG,bed
annotate/bed/n02818832_10302.JPEG,bed
annotate/bed/n02818832_1031.JPEG,bed
annotate/bed/n02818832_10327.JPEG,bed
annotate/bed/n02818832_10328.JPEG,bed
annotate/bed/n02818832_1033.JPEG,bed
annotate/bed/n02818832_1036.JPEG,bed
annotate/bed/n02818832_10381.JPEG,bed
annotate/bed/n02818832_10407.JPEG,bed
annotate/bed/n02818832_1042.JPEG,bed
annotate/bed/n02818832_10480.JPEG,bed
annotate/bed/n02818832_10481.JPEG,bed
annotate/bed/n02818832_10511.JPEG,bed
annotate/bed/n02818832_10512.JPEG,bed
annotate/bed/n02818832_10529.JPEG,bed
annotate/bed/n02818832_10593.JPEG,bed
annotate/bed/n02818832_10718.JPEG,bed
annotate/bed/n02818832_10721.JPEG,bed
annotate/bed/n02818832_10732.JPEG,bed
annotate/bed/n02818832_10736.JPEG,bed
annotate/bed/n02818832_10769.JPEG,bed
annotate/bed/n02818832_10771.JPEG,bed
annotate/bed/n02818832_10786.JPEG,bed
annotate/bed/n02818832_1080.JPEG,bed
annotate/bed/n02818832_10834.JPEG,bed
annotate/bed/n02818832_10852.JPEG,bed
annotate/bed/n02818832_10885.JPEG,bed
annotate/bed/n02818832_10892.JPEG,bed
annotate/bed/n02818832_10897.JPEG,bed
annotate/bed/n02818832_10987.JPEG,bed
annotate/bed/n02818832_10991.JPEG,bed
annotate/bed/n02818832_11003.JPEG,bed
annotate/bed/n02818832_11023.JPEG,bed
annotate/bed/n02818832_1103.JPEG,bed
annotate/bed/n02818832_1105.JPEG,bed
annotate/bed/n02818832_11106.JPEG,bed
annotate/bed/n02818832_1111.JPEG,bed
annotate/bed/n02818832_11122.JPEG,bed
annotate/bed/n02818832_1113.JPEG,bed
annotate/bed/n02818832_1118.JPEG,bed
annotate/bed/n02818832_11187.JPEG,bed
annotate/bed/n02818832_1123.JPEG,bed
annotate/bed/n02818832_113.JPEG,bed
annotate/bed/n02818832_11367.JPEG,bed
annotate/bed/n02818832_11385.JPEG,bed
annotate/bed/n02818832_11397.JPEG,bed
annotate/bed/n02818832_1142.JPEG,bed
annotate/bed/n02818832_11470.JPEG,bed
annotate/bed/n02818832_11476.JPEG,bed
annotate/bed/n02818832_11500.JPEG,bed
annotate/bed/n02818832_11501.JPEG,bed
annotate/bed/n02818832_11527.JPEG,bed
annotate/bed/n02818832_11533.JPEG,bed
annotate/bed/n02818832_11540.JPEG,bed
annotate/bed/n02818832_1155.JPEG,bed
annotate/bed/n02818832_11552.JPEG,bed
annotate/bed/n02818832_1157.JPEG,bed
annotate/bed/n02818832_1159.JPEG,bed
annotate/bed/n02818832_11590.JPEG,bed
annotate/bed/n02818832_116.JPEG,bed
annotate/bed/n02818832_11623.JPEG,bed
annotate/bed/n02818832_11625.JPEG,bed
annotate/bed/n02818832_11627.JPEG,bed
annotate/bed/n02818832_11657.JPEG,bed
annotate/bed/n02818832_1167.JPEG,bed
annotate/bed/n02818832_11681.JPEG,bed
annotate/bed/n02818832_11702.JPEG,bed
annotate/bed/n02818832_11707.JPEG,bed
annotate/bed/n02818832_11716.JPEG,bed
annotate/bed/n02818832_11718.JPEG,bed
annotate/bed/n02818832_11723.JPEG,bed
annotate/bed/n02818832_1175.JPEG,bed
annotate/bed/n02818832_11755.JPEG,bed
annotate/bed/n02818832_11757.JPEG,bed
annotate/bed/n02818832_1176.JPEG,bed
annotate/bed/n02818832_11792.JPEG,bed
annotate/bed/n02818832_11799.JPEG,bed
annotate/bed/n02818832_11802.JPEG,bed
annotate/bed/n02818832_1184.JPEG,bed
annotate/bed/n02818832_11843.JPEG,bed
annotate/bed/n02818832_11847.JPEG,bed
annotate/bed/n02818832_11874.JPEG,bed
annotate/bed/n02818832_11890.JPEG,bed
annotate/bed/n02818832_11896.JPEG,bed
annotate/bed/n02818832_11900.JPEG,bed
annotate/bed/n02818832_1191.JPEG,bed
annotate/bed/n02818832_11936.JPEG,bed
annotate/bed/n02818832_11973.JPEG,bed
annotate/bed/n02818832_11992.JPEG,bed
annotate/bed/n02818832_11994.JPEG,bed
annotate/bed/n02818832_1200.JPEG,bed
annotate/bed/n02818832_12016.JPEG,bed
annotate/bed/n02818832_12017.JPEG,bed
annotate/bed/n02818832_12027.JPEG,bed
annotate/bed/n02818832_12042.JPEG,bed
annotate/bed/n02818832_12057.JPEG,bed
annotate/bed/n02818832_1207.JPEG,bed
annotate/bed/n02818832_12102.JPEG,bed
annotate/bed/n02818832_1212.JPEG,bed
annotate/bed/n02818832_12129.JPEG,bed
annotate/bed/n02818832_1213.JPEG,bed
annotate/bed/n02818832_12181.JPEG,bed
annotate/bed/n02818832_122.JPEG,bed
annotate/bed/n02818832_12248.JPEG,bed
annotate/bed/n02818832_1226.JPEG,bed
annotate/bed/n02818832_12274.JPEG,bed
annotate/bed/n02818832_12276.JPEG,bed
annotate/bed/n02818832_1228.JPEG,bed
annotate/bed/n02818832_12300.JPEG,bed
annotate/bed/n02818832_12363.JPEG,bed
annotate/bed/n02818832_12387.JPEG,bed
annotate/bed/n02818832_12399.JPEG,bed
annotate/bed/n02818832_12457.JPEG,bed
annotate/bed/n02818832_12473.JPEG,bed
annotate/bed/n02818832_12488.JPEG,bed
annotate/bed/n02818832_12496.JPEG,bed
annotate/bed/n02818832_12502.JPEG,bed
annotate/bed/n02818832_12524.JPEG,bed
annotate/bed/n02818832_12531.JPEG,bed
annotate/bed/n02818832_12548.JPEG,bed
annotate/bed/n02818832_126.JPEG,bed
annotate/bed/n02818832_1261.JPEG,bed
annotate/bed/n02818832_12620.JPEG,bed
annotate/bed/n02818832_1263.JPEG,bed
annotate/bed/n02818832_12636.JPEG,bed
annotate/bed/n02818832_12683.JPEG,bed
annotate/bed/n02818832_12704.JPEG,bed
annotate/bed/n02818832_12733.JPEG,bed
annotate/bed/n02818832_1275.JPEG,bed
annotate/bed/n02818832_12781.JPEG,bed
annotate/bed/n02818832_12794.JPEG,bed
annotate/bed/n02818832_12828.JPEG,bed
annotate/bed/n02818832_12843.JPEG,bed
annotate/bed/n02818832_1285.JPEG,bed
annotate/bed/n02818832_12856.JPEG,bed
annotate/bed/n02818832_1286.JPEG,bed
annotate/bed/n02818832_1287.JPEG,bed
annotate/bed/n02818832_12882.JPEG,bed
annotate/bed/n02818832_12888.JPEG,bed
annotate/bed/n02818832_12932.JPEG,bed
annotate/bed/n02818832_1294.JPEG,bed
annotate/bed/n02818832_12953.JPEG,bed
annotate/bed/n02818832_12964.JPEG,bed
annotate/bed/n02818832_12985.JPEG,bed
annotate/bed/n02818832_13.JPEG,bed
annotate/bed/n02818832_13002.JPEG,bed
annotate/bed/n02818832_13017.JPEG,bed
annotate/bed/n02818832_13035.JPEG,bed
annotate/bed/n02818832_13081.JPEG,bed
annotate/bed/n02818832_13086.JPEG,bed
annotate/bed/n02818832_1309.JPEG,bed
annotate/bed/n02818832_1311.JPEG,bed
annotate/bed/n02818832_13140.JPEG,bed
annotate/bed/n02818832_13143.JPEG,bed
annotate/bed/n02818832_13176.JPEG,bed
annotate/bed/n02818832_13186.JPEG,bed
annotate/bed/n02818832_1321.JPEG,bed
annotate/bed/n02818832_13226.JPEG,bed
annotate/bed/n02818832_13256.JPEG,bed
annotate/bed/n02818832_1328.JPEG,bed
annotate/bed/n02818832_13346.JPEG,bed
annotate/bed/n02818832_13368.JPEG,bed
annotate/bed/n02818832_1337.JPEG,bed
annotate/bed/n02818832_13384.JPEG,bed
annotate/bed/n02818832_13388.JPEG,bed
annotate/bed/n02818832_13421.JPEG,bed
annotate/bed/n02818832_13441.JPEG,bed
annotate/bed/n02818832_1345.JPEG,bed
annotate/bed/n02818832_13454.JPEG,bed
annotate/bed/n02818832_13462.JPEG,bed
annotate/bed/n02818832_13471.JPEG,bed
annotate/bed/n02818832_13507.JPEG,bed
annotate/bed/n02818832_13533.JPEG,bed
annotate/bed/n02818832_1357.JPEG,bed
annotate/bed/n02818832_13577.JPEG,bed
annotate/bed/n02818832_13613.JPEG,bed
annotate/bed/n02818832_1364.JPEG,bed
annotate/bed/n02818832_1365.JPEG,bed
annotate/bed/n02818832_13700.JPEG,bed
annotate/bed/n02818832_1382.JPEG,bed
annotate/bed/n02818832_1384.JPEG,bed
annotate/bed/n02818832_13852.JPEG,bed
annotate/bed/n02818832_1386.JPEG,bed
annotate/bed/n02818832_13867.JPEG,bed
annotate/bed/n02818832_13899.JPEG,bed
annotate/bed/n02818832_139.JPEG,bed
annotate/bed/n02818832_13965.JPEG,bed
annotate/bed/n02818832_13995.JPEG,bed
annotate/bed/n02818832_14007.JPEG,bed
annotate/bed/n02818832_14045.JPEG,bed
annotate/bed/n02818832_14059.JPEG,bed
annotate/bed/n02818832_14060.JPEG,bed
annotate/bed/n02818832_1407.JPEG,bed
annotate/bed/n02818832_14079.JPEG,bed
annotate/bed/n02818832_14124.JPEG,bed
annotate/bed/n02818832_14132.JPEG,bed
annotate/bed/n02818832_14158.JPEG,bed
annotate/bed/n02818832_14239.JPEG,bed
annotate/bed/n02818832_14271.JPEG,bed
annotate/bed/n02818832_14276.JPEG,bed
annotate/bed/n02818832_14307.JPEG,bed
annotate/bed/n02818832_14318.JPEG,bed
annotate/bed/n02818832_14336.JPEG,bed
annotate/bed/n02818832_14338.JPEG,bed
annotate/bed/n02818832_14381.JPEG,bed
annotate/bed/n02818832_1442.JPEG,bed
annotate/bed/n02818832_14460.JPEG,bed
annotate/bed/n02818832_14483.JPEG,bed
annotate/bed/n02818832_14563.JPEG,bed
annotate/bed/n02818832_1459.JPEG,bed
annotate/bed/n02818832_14602.JPEG,bed
annotate/bed/n02818832_14615.JPEG,bed
annotate/bed/n02818832_1462.JPEG,bed
annotate/bed/n02818832_14632.JPEG,bed
annotate/bed/n02818832_14646.JPEG,bed
annotate/bed/n02818832_14685.JPEG,bed
annotate/bed/n02818832_1472.JPEG,bed
annotate/bed/n02818832_14743.JPEG,bed
annotate/bed/n02818832_14744.JPEG,bed
annotate/bed/n02818832_1475.JPEG,bed
annotate/bed/n02818832_14782.JPEG,bed
annotate/bed/n02818832_14785.JPEG,bed
annotate/bed/n02818832_14790.JPEG,bed
annotate/bed/n02818832_1480.JPEG,bed
annotate/bed/n02818832_14802.JPEG,bed
annotate/bed/n02818832_14835.JPEG,bed
annotate/bed/n02818832_14903.JPEG,bed
annotate/bed/n02818832_14905.JPEG,bed
annotate/bed/n02818832_1492.JPEG,bed
annotate/bed/n02818832_14922.JPEG,bed
annotate/bed/n02818832_14960.JPEG,bed
annotate/bed/n02818832_14983.JPEG,bed
annotate/bed/n02818832_15016.JPEG,bed
annotate/bed/n02818832_1502.JPEG,bed
annotate/bed/n02818832_1504.JPEG,bed
annotate/bed/n02818832_15054.JPEG,bed
annotate/bed/n02818832_15074.JPEG,bed
annotate/bed/n02818832_15089.JPEG,bed
annotate/bed/n02818832_15115.JPEG,bed
annotate/bed/n02818832_15129.JPEG,bed
annotate/bed/n02818832_1514.JPEG,bed
annotate/bed/n02818832_15147.JPEG,bed
annotate/bed/n02818832_15173.JPEG,bed
annotate/bed/n02818832_1523.JPEG,bed
annotate/bed/n02818832_15252.JPEG,bed
annotate/bed/n02818832_1532.JPEG,bed
annotate/bed/n02818832_15324.JPEG,bed
annotate/bed/n02818832_15338.JPEG,bed
annotate/bed/n02818832_1538.JPEG,bed
annotate/bed/n02818832_15402.JPEG,bed
annotate/bed/n02818832_15454.JPEG,bed
annotate/bed/n02818832_1551.JPEG,bed
annotate/bed/n02818832_15544.JPEG,bed
annotate/bed/n02818832_15552.JPEG,bed
annotate/bed/n02818832_15592.JPEG,bed
annotate/bed/n02818832_1563.JPEG,bed
annotate/bed/n02818832_1564.JPEG,bed
annotate/bed/n02818832_1566.JPEG,bed
annotate/bed/n02818832_15661.JPEG,bed
annotate/bed/n02818832_1570.JPEG,bed
annotate/bed/n02818832_1573.JPEG,bed
annotate/bed/n02818832_15731.JPEG,bed
annotate/bed/n02818832_15735.JPEG,bed
annotate/bed/n02818832_1575.JPEG,bed
annotate/bed/n02818832_15765.JPEG,bed
annotate/bed/n02818832_15771.JPEG,bed
annotate/bed/n02818832_1578.JPEG,bed
annotate/bed/n02818832_1579.JPEG,bed
annotate/bed/n02818832_15809.JPEG,bed
annotate/bed/n02818832_15840.JPEG,bed
annotate/bed/n02818832_15866.JPEG,bed
annotate/bed/n02818832_15869.JPEG,bed
annotate/bed/n02818832_15870.JPEG,bed
annotate/bed/n02818832_15883.JPEG,bed
annotate/bed/n02818832_1595.JPEG,bed
annotate/bed/n02818832_16028.JPEG,bed
annotate/bed/n02818832_16077.JPEG,bed
annotate/bed/n02818832_161.JPEG,bed
annotate/bed/n02818832_16167.JPEG,bed
annotate/bed/n02818832_1618.JPEG,bed
annotate/bed/n02818832_1623.JPEG,bed
annotate/bed/n02818832_163.JPEG,bed
annotate/bed/n02818832_16338.JPEG,bed
annotate/bed/n02818832_16365.JPEG,bed
annotate/bed/n02818832_16402.JPEG,bed
annotate/bed/n02818832_1650.JPEG,bed
annotate/bed/n02818832_16517.JPEG,bed
annotate/bed/n02818832_1655.JPEG,bed
annotate/bed/n02818832_16559.JPEG,bed
annotate/bed/n02818832_1658.JPEG,bed
annotate/bed/n02818832_16690.JPEG,bed
annotate/bed/n02818832_16697.JPEG,bed
annotate/bed/n02818832_1671.JPEG,bed
annotate/bed/n02818832_1675.JPEG,bed
annotate/bed/n02818832_16776.JPEG,bed
annotate/bed/n02818832_1679.JPEG,bed
annotate/bed/n02818832_16808.JPEG,bed
annotate/bed/n02818832_16821.JPEG,bed
annotate/bed/n02818832_16863.JPEG,bed
annotate/bed/n02818832_16975.JPEG,bed
annotate/bed/n02818832_1699.JPEG,bed
annotate/bed/n02818832_17.JPEG,bed
annotate/bed/n02818832_17019.JPEG,bed
annotate/bed/n02818832_1703.JPEG,bed
annotate/bed/n02818832_17039.JPEG,bed
annotate/bed/n02818832_1704.JPEG,bed
annotate/bed/n02818832_17059.JPEG,bed
annotate/bed/n02818832_17075.JPEG,bed
annotate/bed/n02818832_17087.JPEG,bed
annotate/bed/n02818832_1711.JPEG,bed
annotate/bed/n02818832_17114.JPEG,bed
annotate/bed/n02818832_17116.JPEG,bed
annotate/bed/n02818832_17125.JPEG,bed
annotate/bed/n02818832_17155.JPEG,bed
annotate/bed/n02818832_17186.JPEG,bed
annotate/bed/n02818832_17213.JPEG,bed
annotate/bed/n02818832_17243.JPEG,bed
annotate/bed/n02818832_1725.JPEG,bed
annotate/bed/n02818832_17301.JPEG,bed
annotate/bed/n02818832_17312.JPEG,bed
annotate/bed/n02818832_17316.JPEG,bed
annotate/bed/n02818832_17352.JPEG,bed
annotate/bed/n02818832_17368.JPEG,bed
annotate/bed/n02818832_1741.JPEG,bed
annotate/bed/n02818832_17416.JPEG,bed
annotate/bed/n02818832_17430.JPEG,bed
annotate/bed/n02818832_1746.JPEG,bed
annotate/bed/n02818832_17476.JPEG,bed
annotate/bed/n02818832_17484.JPEG,bed
annotate/bed/n02818832_17486.JPEG,bed
annotate/bed/n02818832_175.JPEG,bed
annotate/bed/n02818832_17500.JPEG,bed
annotate/bed/n02818832_17538.JPEG,bed
annotate/bed/n02818832_17560.JPEG,bed
annotate/bed/n02818832_17585.JPEG,bed
annotate/bed/n02818832_17587.JPEG,bed
annotate/bed/n02818832_17613.JPEG,bed
annotate/bed/n02818832_1765.JPEG,bed
annotate/bed/n02818832_1766.JPEG,bed
annotate/bed/n02818832_17663.JPEG,bed
annotate/bed/n02818832_17670.JPEG,bed
annotate/bed/n02818832_17695.JPEG,bed
annotate/bed/n02818832_17703.JPEG,bed
annotate/bed/n02818832_17706.JPEG,bed
annotate/bed/n02818832_17709.JPEG,bed
annotate/bed/n02818832_1771.JPEG,bed
annotate/bed/n02818832_17827.JPEG,bed
annotate/bed/n02818832_1783.JPEG,bed
annotate/bed/n02818832_17849.JPEG,bed
annotate/bed/n02818832_1785.JPEG,bed
annotate/bed/n02818832_17866.JPEG,bed
annotate/bed/n02818832_17867.JPEG,bed
annotate/bed/n02818832_17870.JPEG,bed
annotate/bed/n02818832_1788.JPEG,bed
annotate/bed/n02818832_17886.JPEG,bed
annotate/bed/n02818832_17895.JPEG,bed
annotate/bed/n02818832_17924.JPEG,bed
annotate/bed/n02818832_1793.JPEG,bed
annotate/bed/n02818832_17954.JPEG,bed
annotate/bed/n02818832_17969.JPEG,bed
annotate/bed/n02818832_17971.JPEG,bed
annotate/bed/n02818832_17996.JPEG,bed
annotate/bed/n02818832_18006.JPEG,bed
annotate/bed/n02818832_18011.JPEG,bed
annotate/bed/n02818832_1803.JPEG,bed
annotate/bed/n02818832_18051.JPEG,bed
annotate/bed/n02818832_1807.JPEG,bed
annotate/bed/n02818832_18139.JPEG,bed
annotate/bed/n02818832_18142.JPEG,bed
annotate/bed/n02818832_18156.JPEG,bed
annotate/bed/n02818832_18171.JPEG,bed
annotate/bed/n02818832_18186.JPEG,bed
annotate/bed/n02818832_18199.JPEG,bed
annotate/bed/n02818832_18205.JPEG,bed
annotate/bed/n02818832_18211.JPEG,bed
annotate/bed/n02818832_18212.JPEG,bed
annotate/bed/n02818832_1824.JPEG,bed
annotate/bed/n02818832_18249.JPEG,bed
annotate/bed/n02818832_18287.JPEG,bed
annotate/bed/n02818832_18295.JPEG,bed
annotate/bed/n02818832_18298.JPEG,bed
annotate/bed/n02818832_18302.JPEG,bed
annotate/bed/n02818832_18314.JPEG,bed
annotate/bed/n02818832_18326.JPEG,bed
annotate/bed/n02818832_18328.JPEG,bed
annotate/bed/n02818832_18333.JPEG,bed
annotate/bed/n02818832_1836.JPEG,bed
annotate/bed/n02818832_18390.JPEG,bed
annotate/bed/n02818832_1841.JPEG,bed
annotate/bed/n02818832_1842.JPEG,bed
annotate/bed/n02818832_18437.JPEG,bed
annotate/bed/n02818832_1844.JPEG,bed
annotate/bed/n02818832_18469.JPEG,bed
annotate/bed/n02818832_18504.JPEG,bed
annotate/bed/n02818832_1853.JPEG,bed
annotate/bed/n02818832_18540.JPEG,bed
annotate/bed/n02818832_18543.JPEG,bed
annotate/bed/n02818832_18559.JPEG,bed
annotate/bed/n02818832_18577.JPEG,bed
annotate/bed/n02818832_18599.JPEG,bed
annotate/bed/n02818832_18607.JPEG,bed
annotate/bed/n02818832_18613.JPEG,bed
annotate/bed/n02818832_18617.JPEG,bed
annotate/bed/n02818832_18630.JPEG,bed
annotate/bed/n02818832_18648.JPEG,bed
annotate/bed/n02818832_18677.JPEG,bed
annotate/bed/n02818832_18693.JPEG,bed
annotate/bed/n02818832_18733.JPEG,bed
annotate/bed/n02818832_18747.JPEG,bed
annotate/bed/n02818832_1875.JPEG,bed
annotate/bed/n02818832_18761.JPEG,bed
annotate/bed/n02818832_1879.JPEG,bed
annotate/bed/n02818832_18803.JPEG,bed
annotate/bed/n02818832_18821.JPEG,bed
annotate/bed/n02818832_18828.JPEG,bed
annotate/bed/n02818832_18832.JPEG,bed
annotate/bed/n02818832_18844.JPEG,bed
annotate/bed/n02818832_18861.JPEG,bed
annotate/bed/n02818832_18886.JPEG,bed
annotate/bed/n02818832_18903.JPEG,bed
annotate/bed/n02818832_18909.JPEG,bed
annotate/bed/n02818832_18912.JPEG,bed
annotate/bed/n02818832_18918.JPEG,bed
annotate/bed/n02818832_18952.JPEG,bed
annotate/bed/n02818832_1899.JPEG,bed
annotate/bed/n02818832_18994.JPEG,bed
annotate/bed/n02818832_19026.JPEG,bed
annotate/bed/n02818832_19037.JPEG,bed
annotate/bed/n02818832_19056.JPEG,bed
annotate/bed/n02818832_19065.JPEG,bed
annotate/bed/n02818832_19068.JPEG,bed
annotate/bed/n02818832_19077.JPEG,bed
annotate/bed/n02818832_19100.JPEG,bed
annotate/bed/n02818832_1911.JPEG,bed
annotate/bed/n02818832_19142.JPEG,bed
annotate/bed/n02818832_19205.JPEG,bed
annotate/bed/n02818832_1923.JPEG,bed
annotate/bed/n02818832_19248.JPEG,bed
annotate/bed/n02818832_19277.JPEG,bed
annotate/bed/n02818832_19358.JPEG,bed
annotate/bed/n02818832_1939.JPEG,bed
annotate/bed/n02818832_19390.JPEG,bed
annotate/bed/n02818832_19496.JPEG,bed
annotate/bed/n02818832_19511.JPEG,bed
annotate/bed/n02818832_19542.JPEG,bed
annotate/bed/n02818832_19545.JPEG,bed
annotate/bed/n02818832_1959.JPEG,bed
annotate/bed/n02818832_1965.JPEG,bed
annotate/bed/n02818832_19652.JPEG,bed
annotate/bed/n02818832_19677.JPEG,bed
annotate/bed/n02818832_1969.JPEG,bed
annotate/bed/n02818832_19692.JPEG,bed
annotate/bed/n02818832_197.JPEG,bed
annotate/bed/n02818832_19751.JPEG,bed
annotate/bed/n02818832_19768.JPEG,bed
annotate/bed/n02818832_19795.JPEG,bed
annotate/bed/n02818832_19821.JPEG,bed
annotate/bed/n02818832_19850.JPEG,bed
annotate/bed/n02818832_19969.JPEG,bed
annotate/bed/n02818832_19976.JPEG,bed
annotate/bed/n02818832_2004.JPEG,bed
annotate/bed/n02818832_20049.JPEG,bed
annotate/bed/n02818832_20061.JPEG,bed
annotate/bed/n02818832_20067.JPEG,bed
annotate/bed/n02818832_20080.JPEG,bed
annotate/bed/n02818832_2015.JPEG,bed
annotate/bed/n02818832_2040.JPEG,bed
annotate/bed/n02818832_20439.JPEG,bed
annotate/bed/n02818832_2044.JPEG,bed
annotate/bed/n02818832_20489.JPEG,bed
annotate/bed/n02818832_2049.JPEG,bed
annotate/bed/n02818832_2056.JPEG,bed
annotate/bed/n02818832_206.JPEG,bed
annotate/bed/n02818832_2067.JPEG,bed
annotate/bed/n02818832_2070.JPEG,bed
annotate/bed/n02818832_2073.JPEG,bed
annotate/bed/n02818832_2076.JPEG,bed
annotate/bed/n02818832_20760.JPEG,bed
annotate/bed/n02818832_20767.JPEG,bed
annotate/bed/n02818832_2077.JPEG,bed
annotate/bed/n02818832_20792.JPEG,bed
annotate/bed/n02818832_20816.JPEG,bed
annotate/bed/n02818832_2083.JPEG,bed
annotate/bed/n02818832_2084.JPEG,bed
annotate/bed/n02818832_20856.JPEG,bed
annotate/bed/n02818832_20870.JPEG,bed
annotate/bed/n02818832_20907.JPEG,bed
annotate/bed/n02818832_2094.JPEG,bed
annotate/bed/n02818832_2096.JPEG,bed
annotate/bed/n02818832_2097.JPEG,bed
annotate/bed/n02818832_20998.JPEG,bed
annotate/bed/n02818832_21013.JPEG,bed
annotate/bed/n02818832_21085.JPEG,bed
annotate/bed/n02818832_21098.JPEG,bed
annotate/bed/n02818832_21104.JPEG,bed
annotate/bed/n02818832_2114.JPEG,bed
annotate/bed/n02818832_2119.JPEG,bed
annotate/bed/n02818832_21246.JPEG,bed
annotate/bed/n02818832_21257.JPEG,bed
annotate/bed/n02818832_2127.JPEG,bed
annotate/bed/n02818832_2128.JPEG,bed
annotate/bed/n02818832_21287.JPEG,bed
annotate/bed/n02818832_2134.JPEG,bed
annotate/bed/n02818832_21358.JPEG,bed
annotate/bed/n02818832_21370.JPEG,bed
annotate/bed/n02818832_21387.JPEG,bed
annotate/bed/n02818832_2142.JPEG,bed
annotate/bed/n02818832_2143.JPEG,bed
annotate/bed/n02818832_21430.JPEG,bed
annotate/bed/n02818832_21434.JPEG,bed
annotate/bed/n02818832_21462.JPEG,bed
annotate/bed/n02818832_21494.JPEG,bed
annotate/bed/n02818832_21499.JPEG,bed
annotate/bed/n02818832_21505.JPEG,bed
annotate/bed/n02818832_2151.JPEG,bed
annotate/bed/n02818832_21529.JPEG,bed
annotate/bed/n02818832_2155.JPEG,bed
annotate/bed/n02818832_2156.JPEG,bed
annotate/bed/n02818832_21575.JPEG,bed
annotate/bed/n02818832_216.JPEG,bed
annotate/bed/n02818832_21605.JPEG,bed
annotate/bed/n02818832_21608.JPEG,bed
annotate/bed/n02818832_21624.JPEG,bed
annotate/bed/n02818832_21668.JPEG,bed
annotate/bed/n02818832_21686.JPEG,bed
annotate/bed/n02818832_21697.JPEG,bed
annotate/bed/n02818832_21700.JPEG,bed
annotate/bed/n02818832_21714.JPEG,bed
annotate/bed/n02818832_21716.JPEG,bed
annotate/bed/n02818832_21729.JPEG,bed
annotate/bed/n02818832_21738.JPEG,bed
annotate/bed/n02818832_21747.JPEG,bed
annotate/bed/n02818832_21756.JPEG,bed
annotate/bed/n02818832_2176.JPEG,bed
annotate/bed/n02818832_21806.JPEG,bed
annotate/bed/n02818832_21826.JPEG,bed
annotate/bed/n02818832_21835.JPEG,bed
annotate/bed/n02818832_21840.JPEG,bed
annotate/bed/n02818832_21841.JPEG,bed
annotate/bed/n02818832_21862.JPEG,bed
annotate/bed/n02818832_21871.JPEG,bed
annotate/bed/n02818832_21892.JPEG,bed
annotate/bed/n02818832_21899.JPEG,bed
annotate/bed/n02818832_2190.JPEG,bed
annotate/bed/n02818832_21917.JPEG,bed
annotate/bed/n02818832_21956.JPEG,bed
annotate/bed/n02818832_2199.JPEG,bed
annotate/bed/n02818832_21992.JPEG,bed
annotate/bed/n02818832_21998.JPEG,bed
annotate/bed/n02818832_220.JPEG,bed
annotate/bed/n02818832_22003.JPEG,bed
annotate/bed/n02818832_22028.JPEG,bed
annotate/bed/n02818832_22078.JPEG,bed
annotate/bed/n02818832_22169.JPEG,bed
annotate/bed/n02818832_2218.JPEG,bed
annotate/bed/n02818832_22182.JPEG,bed
annotate/bed/n02818832_2222.JPEG,bed
annotate/bed/n02818832_22253.JPEG,bed
annotate/bed/n02818832_22256.JPEG,bed
annotate/bed/n02818832_22284.JPEG,bed
annotate/bed/n02818832_22317.JPEG,bed
annotate/bed/n02818832_2236.JPEG,bed
annotate/bed/n02818832_22362.JPEG,bed
annotate/bed/n02818832_22440.JPEG,bed
annotate/bed/n02818832_22448.JPEG,bed
annotate/bed/n02818832_22449.JPEG,bed
annotate/bed/n02818832_22456.JPEG,bed
annotate/bed/n02818832_22480.JPEG,bed
annotate/bed/n02818832_22482.JPEG,bed
annotate/bed/n02818832_22501.JPEG,bed
annotate/bed/n02818832_22514.JPEG,bed
annotate/bed/n02818832_22563.JPEG,bed
annotate/bed/n02818832_22599.JPEG,bed
annotate/bed/n02818832_22602.JPEG,bed
annotate/bed/n02818832_22604.JPEG,bed
annotate/bed/n02818832_22626.JPEG,bed
annotate/bed/n02818832_22636.JPEG,bed
annotate/bed/n02818832_22650.JPEG,bed
annotate/bed/n02818832_2266.JPEG,bed
annotate/bed/n02818832_22673.JPEG,bed
annotate/bed/n02818832_22744.JPEG,bed
annotate/bed/n02818832_2275.JPEG,bed
annotate/bed/n02818832_22775.JPEG,bed
annotate/bed/n02818832_2280.JPEG,bed
annotate/bed/n02818832_22829.JPEG,bed
annotate/bed/n02818832_22846.JPEG,bed
annotate/bed/n02818832_22853.JPEG,bed
annotate/bed/n02818832_22854.JPEG,bed
annotate/bed/n02818832_22886.JPEG,bed
annotate/bed/n02818832_2290.JPEG,bed
annotate/bed/n02818832_22910.JPEG,bed
annotate/bed/n02818832_2295.JPEG,bed
annotate/bed/n02818832_22972.JPEG,bed
annotate/bed/n02818832_22985.JPEG,bed
annotate/bed/n02818832_22991.JPEG,bed
annotate/bed/n02818832_230.JPEG,bed
annotate/bed/n02818832_23005.JPEG,bed
annotate/bed/n02818832_23012.JPEG,bed
annotate/bed/n02818832_23072.JPEG,bed
annotate/bed/n02818832_23094.JPEG,bed
annotate/bed/n02818832_2310.JPEG,bed
annotate/bed/n02818832_23158.JPEG,bed
annotate/bed/n02818832_2317.JPEG,bed
annotate/bed/n02818832_23221.JPEG,bed
annotate/bed/n02818832_23224.JPEG,bed
annotate/bed/n02818832_23244.JPEG,bed
annotate/bed/n02818832_23246.JPEG,bed
annotate/bed/n02818832_2326.JPEG,bed
annotate/bed/n02818832_23297.JPEG,bed
annotate/bed/n02818832_2332.JPEG,bed
annotate/bed/n02818832_23352.JPEG,bed
annotate/bed/n02818832_23359.JPEG,bed
annotate/bed/n02818832_23408.JPEG,bed
annotate/bed/n02818832_23451.JPEG,bed
annotate/bed/n02818832_235.JPEG,bed
annotate/bed/n02818832_23505.JPEG,bed
annotate/bed/n02818832_23554.JPEG,bed
annotate/bed/n02818832_23564.JPEG,bed
annotate/bed/n02818832_23605.JPEG,bed
annotate/bed/n02818832_23635.JPEG,bed
annotate/bed/n02818832_23642.JPEG,bed
annotate/bed/n02818832_23647.JPEG,bed
annotate/bed/n02818832_23702.JPEG,bed
annotate/bed/n02818832_23704.JPEG,bed
annotate/bed/n02818832_23838.JPEG,bed
annotate/bed/n02818832_23842.JPEG,bed
annotate/bed/n02818832_2393.JPEG,bed
annotate/bed/n02818832_23932.JPEG,bed
annotate/bed/n02818832_23940.JPEG,bed
annotate/bed/n02818832_2401.JPEG,bed
annotate/bed/n02818832_2403.JPEG,bed
annotate/bed/n02818832_2404.JPEG,bed
annotate/bed/n02818832_24044.JPEG,bed
annotate/bed/n02818832_2406.JPEG,bed
annotate/bed/n02818832_24065.JPEG,bed
annotate/bed/n02818832_24081.JPEG,bed
annotate/bed/n02818832_24198.JPEG,bed
annotate/bed/n02818832_24248.JPEG,bed
annotate/bed/n02818832_24294.JPEG,bed
annotate/bed/n02818832_24296.JPEG,bed
annotate/bed/n02818832_24298.JPEG,bed
annotate/bed/n02818832_24369.JPEG,bed
annotate/bed/n02818832_24380.JPEG,bed
annotate/bed/n02818832_2440.JPEG,bed
annotate/bed/n02818832_24409.JPEG,bed
annotate/bed/n02818832_24415.JPEG,bed
annotate/bed/n02818832_24476.JPEG,bed
annotate/bed/n02818832_24488.JPEG,bed
annotate/bed/n02818832_24495.JPEG,bed
annotate/bed/n02818832_24510.JPEG,bed
annotate/bed/n02818832_2453.JPEG,bed
annotate/bed/n02818832_247.JPEG,bed
annotate/bed/n02818832_2470.JPEG,bed
annotate/bed/n02818832_24709.JPEG,bed
annotate/bed/n02818832_24719.JPEG,bed
annotate/bed/n02818832_24754.JPEG,bed
annotate/bed/n02818832_24755.JPEG,bed
annotate/bed/n02818832_24774.JPEG,bed
annotate/bed/n02818832_2478.JPEG,bed
annotate/bed/n02818832_2481.JPEG,bed
annotate/bed/n02818832_24829.JPEG,bed
annotate/bed/n02818832_24873.JPEG,bed
annotate/bed/n02818832_24887.JPEG,bed
annotate/bed/n02818832_24888.JPEG,bed
annotate/bed/n02818832_249.JPEG,bed
annotate/bed/n02818832_24907.JPEG,bed
annotate/bed/n02818832_24910.JPEG,bed
annotate/bed/n02818832_24913.JPEG,bed
annotate/bed/n02818832_24974.JPEG,bed
annotate/bed/n02818832_24975.JPEG,bed
annotate/bed/n02818832_25.JPEG,bed
annotate/bed/n02818832_25008.JPEG,bed
annotate/bed/n02818832_25029.JPEG,bed
annotate/bed/n02818832_25044.JPEG,bed
annotate/bed/n02818832_25063.JPEG,bed
annotate/bed/n02818832_25067.JPEG,bed
annotate/bed/n02818832_25147.JPEG,bed
annotate/bed/n02818832_2519.JPEG,bed
annotate/bed/n02818832_25191.JPEG,bed
annotate/bed/n02818832_25229.JPEG,bed
annotate/bed/n02818832_25245.JPEG,bed
annotate/bed/n02818832_25267.JPEG,bed
annotate/bed/n02818832_253.JPEG,bed
annotate/bed/n02818832_25488.JPEG,bed
annotate/bed/n02818832_25515.JPEG,bed
annotate/bed/n02818832_25606.JPEG,bed
annotate/bed/n02818832_25611.JPEG,bed
annotate/bed/n02818832_25708.JPEG,bed
annotate/bed/n02818832_2571.JPEG,bed
annotate/bed/n02818832_2576.JPEG,bed
annotate/bed/n02818832_2579.JPEG,bed
annotate/bed/n02818832_25847.JPEG,bed
annotate/bed/n02818832_2585.JPEG,bed
annotate/bed/n02818832_2588.JPEG,bed
annotate/bed/n02818832_25894.JPEG,bed
annotate/bed/n02818832_259.JPEG,bed
annotate/bed/n02818832_25923.JPEG,bed
annotate/bed/n02818832_25998.JPEG,bed
annotate/bed/n02818832_2607.JPEG,bed
annotate/bed/n02818832_261.JPEG,bed
annotate/bed/n02818832_2611.JPEG,bed
annotate/bed/n02818832_26196.JPEG,bed
annotate/bed/n02818832_26272.JPEG,bed
annotate/bed/n02818832_2632.JPEG,bed
annotate/bed/n02818832_2635.JPEG,bed
annotate/bed/n02818832_26366.JPEG,bed
annotate/bed/n02818832_26392.JPEG,bed
annotate/bed/n02818832_2642.JPEG,bed
annotate/bed/n02818832_26422.JPEG,bed
annotate/bed/n02818832_26473.JPEG,bed
annotate/bed/n02818832_26519.JPEG,bed
annotate/bed/n02818832_26632.JPEG,bed
annotate/bed/n02818832_26657.JPEG,bed
annotate/bed/n02818832_26683.JPEG,bed
annotate/bed/n02818832_26689.JPEG,bed
annotate/bed/n02818832_26731.JPEG,bed
annotate/bed/n02818832_26834.JPEG,bed
annotate/bed/n02818832_26857.JPEG,bed
annotate/bed/n02818832_269.JPEG,bed
annotate/bed/n02818832_2691.JPEG,bed
annotate/bed/n02818832_26946.JPEG,bed
annotate/bed/n02818832_2697.JPEG,bed
annotate/bed/n02818832_26977.JPEG,bed
annotate/bed/n02818832_27007.JPEG,bed
annotate/bed/n02818832_27026.JPEG,bed
annotate/bed/n02818832_2704.JPEG,bed
annotate/bed/n02818832_27062.JPEG,bed
annotate/bed/n02818832_27120.JPEG,bed
annotate/bed/n02818832_27170.JPEG,bed
annotate/bed/n02818832_2721.JPEG,bed
annotate/bed/n02818832_2723.JPEG,bed
annotate/bed/n02818832_27287.JPEG,bed
annotate/bed/n02818832_273.JPEG,bed
annotate/bed/n02818832_27411.JPEG,bed
annotate/bed/n02818832_2742.JPEG,bed
annotate/bed/n02818832_27445.JPEG,bed
annotate/bed/n02818832_27475.JPEG,bed
annotate/bed/n02818832_27490.JPEG,bed
annotate/bed/n02818832_27520.JPEG,bed
annotate/bed/n02818832_2753.JPEG,bed
annotate/bed/n02818832_27559.JPEG,bed
annotate/bed/n02818832_276.JPEG,bed
annotate/bed/n02818832_27624.JPEG,bed
annotate/bed/n02818832_27652.JPEG,bed
annotate/bed/n02818832_2766.JPEG,bed
annotate/bed/n02818832_27721.JPEG,bed
annotate/bed/n02818832_27766.JPEG,bed
annotate/bed/n02818832_2799.JPEG,bed
annotate/bed/n02818832_281.JPEG,bed
annotate/bed/n02818832_2824.JPEG,bed
annotate/bed/n02818832_2827.JPEG,bed
annotate/bed/n02818832_2828.JPEG,bed
annotate/bed/n02818832_2837.JPEG,bed
annotate/bed/n02818832_2844.JPEG,bed
annotate/bed/n02818832_2861.JPEG,bed
annotate/bed/n02818832_2864.JPEG,bed
annotate/bed/n02818832_2866.JPEG,bed
annotate/bed/n02818832_2892.JPEG,bed
annotate/bed/n02818832_2894.JPEG,bed
annotate/bed/n02818832_290.JPEG,bed
annotate/bed/n02818832_2908.JPEG,bed
annotate/bed/n02818832_2918.JPEG,bed
annotate/bed/n02818832_292.JPEG,bed
annotate/bed/n02818832_2922.JPEG,bed
annotate/bed/n02818832_2947.JPEG,bed
annotate/bed/n02818832_2952.JPEG,bed
annotate/bed/n02818832_2966.JPEG,bed
annotate/bed/n02818832_297.JPEG,bed
annotate/bed/n02818832_299.JPEG,bed
annotate/bed/n02818832_300.JPEG,bed
annotate/bed/n02818832_3033.JPEG,bed
annotate/bed/n02818832_304.JPEG,bed
annotate/bed/n02818832_3053.JPEG,bed
annotate/bed/n02818832_3054.JPEG,bed
annotate/bed/n02818832_3061.JPEG,bed
annotate/bed/n02818832_3064.JPEG,bed
annotate/bed/n02818832_3109.JPEG,bed
annotate/bed/n02818832_3119.JPEG,bed
annotate/bed/n02818832_313.JPEG,bed
annotate/bed/n02818832_3153.JPEG,bed
annotate/bed/n02818832_3168.JPEG,bed
annotate/bed/n02818832_3169.JPEG,bed
annotate/bed/n02818832_318.JPEG,bed
annotate/bed/n02818832_3186.JPEG,bed
annotate/bed/n02818832_3210.JPEG,bed
annotate/bed/n02818832_3247.JPEG,bed
annotate/bed/n02818832_3267.JPEG,bed
annotate/bed/n02818832_3275.JPEG,bed
annotate/bed/n02818832_3281.JPEG,bed
annotate/bed/n02818832_3291.JPEG,bed
annotate/bed/n02818832_3296.JPEG,bed
annotate/bed/n02818832_3307.JPEG,bed
annotate/bed/n02818832_3314.JPEG,bed
annotate/bed/n02818832_3315.JPEG,bed
annotate/bed/n02818832_332.JPEG,bed
annotate/bed/n02818832_3340.JPEG,bed
annotate/bed/n02818832_3345.JPEG,bed
annotate/bed/n02818832_3350.JPEG,bed
annotate/bed/n02818832_3380.JPEG,bed
annotate/bed/n02818832_3394.JPEG,bed
annotate/bed/n02818832_34.JPEG,bed
annotate/bed/n02818832_3407.JPEG,bed
annotate/bed/n02818832_341.JPEG,bed
annotate/bed/n02818832_3420.JPEG,bed
annotate/bed/n02818832_3435.JPEG,bed
annotate/bed/n02818832_344.JPEG,bed
annotate/bed/n02818832_3442.JPEG,bed
annotate/bed/n02818832_3449.JPEG,bed
annotate/bed/n02818832_3451.JPEG,bed
annotate/bed/n02818832_3476.JPEG,bed
annotate/bed/n02818832_3483.JPEG,bed
annotate/bed/n02818832_35.JPEG,bed
annotate/bed/n02818832_350.JPEG,bed
annotate/bed/n02818832_3508.JPEG,bed
annotate/bed/n02818832_3509.JPEG,bed
annotate/bed/n02818832_3520.JPEG,bed
annotate/bed/n02818832_3548.JPEG,bed
annotate/bed/n02818832_3565.JPEG,bed
annotate/bed/n02818832_3582.JPEG,bed
annotate/bed/n02818832_3627.JPEG,bed
annotate/bed/n02818832_363.JPEG,bed
annotate/bed/n02818832_3645.JPEG,bed
annotate/bed/n02818832_3653.JPEG,bed
annotate/bed/n02818832_3662.JPEG,bed
annotate/bed/n02818832_3667.JPEG,bed
annotate/bed/n02818832_3676.JPEG,bed
annotate/bed/n02818832_3679.JPEG,bed
annotate/bed/n02818832_368.JPEG,bed
annotate/bed/n02818832_3695.JPEG,bed
annotate/bed/n02818832_3697.JPEG,bed
annotate/bed/n02818832_370.JPEG,bed
annotate/bed/n02818832_3700.JPEG,bed
annotate/bed/n02818832_3713.JPEG,bed
annotate/bed/n02818832_3716.JPEG,bed
annotate/bed/n02818832_3718.JPEG,bed
annotate/bed/n02818832_3729.JPEG,bed
annotate/bed/n02818832_3746.JPEG,bed
annotate/bed/n02818832_3773.JPEG,bed
annotate/bed/n02818832_3788.JPEG,bed
annotate/bed/n02818832_382.JPEG,bed
annotate/bed/n02818832_3846.JPEG,bed
annotate/bed/n02818832_3855.JPEG,bed
annotate/bed/n02818832_3873.JPEG,bed
annotate/bed/n02818832_3887.JPEG,bed
annotate/bed/n02818832_389.JPEG,bed
annotate/bed/n02818832_3893.JPEG,bed
annotate/bed/n02818832_3911.JPEG,bed
annotate/bed/n02818832_3915.JPEG,bed
annotate/bed/n02818832_3922.JPEG,bed
annotate/bed/n02818832_3944.JPEG,bed
annotate/bed/n02818832_3951.JPEG,bed
annotate/bed/n02818832_3965.JPEG,bed
annotate/bed/n02818832_3972.JPEG,bed
annotate/bed/n02818832_3973.JPEG,bed
annotate/bed/n02818832_3985.JPEG,bed
annotate/bed/n02818832_3992.JPEG,bed
annotate/bed/n02818832_3993.JPEG,bed
annotate/bed/n02818832_4013.JPEG,bed
annotate/bed/n02818832_4017.JPEG,bed
annotate/bed/n02818832_402.JPEG,bed
annotate/bed/n02818832_4024.JPEG,bed
annotate/bed/n02818832_4030.JPEG,bed
annotate/bed/n02818832_4035.JPEG,bed
annotate/bed/n02818832_4046.JPEG,bed
annotate/bed/n02818832_405.JPEG,bed
annotate/bed/n02818832_4051.JPEG,bed
annotate/bed/n02818832_4054.JPEG,bed
annotate/bed/n02818832_4070.JPEG,bed
annotate/bed/n02818832_4088.JPEG,bed
annotate/bed/n02818832_409.JPEG,bed
annotate/bed/n02818832_41.JPEG,bed
annotate/bed/n02818832_4111.JPEG,bed
annotate/bed/n02818832_4129.JPEG,bed
annotate/bed/n02818832_4130.JPEG,bed
annotate/bed/n02818832_4135.JPEG,bed
annotate/bed/n02818832_4142.JPEG,bed
annotate/bed/n02818832_4170.JPEG,bed
annotate/bed/n02818832_4173.JPEG,bed
annotate/bed/n02818832_4185.JPEG,bed
annotate/bed/n02818832_4197.JPEG,bed
annotate/bed/n02818832_4199.JPEG,bed
annotate/bed/n02818832_4211.JPEG,bed
annotate/bed/n02818832_4212.JPEG,bed
annotate/bed/n02818832_4216.JPEG,bed
annotate/bed/n02818832_4224.JPEG,bed
annotate/bed/n02818832_4233.JPEG,bed
annotate/bed/n02818832_4245.JPEG,bed
annotate/bed/n02818832_4251.JPEG,bed
annotate/bed/n02818832_4258.JPEG,bed
annotate/bed/n02818832_4267.JPEG,bed
annotate/bed/n02818832_4277.JPEG,bed
annotate/bed/n02818832_4289.JPEG,bed
annotate/bed/n02818832_4297.JPEG,bed
annotate/bed/n02818832_4303.JPEG,bed
annotate/bed/n02818832_4304.JPEG,bed
annotate/bed/n02818832_4313.JPEG,bed
annotate/bed/n02818832_432.JPEG,bed
annotate/bed/n02818832_4328.JPEG,bed
annotate/bed/n02818832_4336.JPEG,bed
annotate/bed/n02818832_4339.JPEG,bed
annotate/bed/n02818832_4346.JPEG,bed
annotate/bed/n02818832_4348.JPEG,bed
annotate/bed/n02818832_4397.JPEG,bed
annotate/bed/n02818832_4406.JPEG,bed
annotate/bed/n02818832_4409.JPEG,bed
annotate/bed/n02818832_4421.JPEG,bed
annotate/bed/n02818832_4429.JPEG,bed
annotate/bed/n02818832_4441.JPEG,bed
annotate/bed/n02818832_4449.JPEG,bed
annotate/bed/n02818832_4454.JPEG,bed
annotate/bed/n02818832_4465.JPEG,bed
annotate/bed/n02818832_4485.JPEG,bed
annotate/bed/n02818832_449.JPEG,bed
annotate/bed/n02818832_4497.JPEG,bed
annotate/bed/n02818832_45.JPEG,bed
annotate/bed/n02818832_4508.JPEG,bed
annotate/bed/n02818832_4513.JPEG,bed
annotate/bed/n02818832_4519.JPEG,bed
annotate/bed/n02818832_452.JPEG,bed
annotate/bed/n02818832_453.JPEG,bed
annotate/bed/n02818832_4537.JPEG,bed
annotate/bed/n02818832_4557.JPEG,bed
annotate/bed/n02818832_4563.JPEG,bed
annotate/bed/n02818832_457.JPEG,bed
annotate/bed/n02818832_4581.JPEG,bed
annotate/bed/n02818832_4588.JPEG,bed
annotate/bed/n02818832_4595.JPEG,bed
annotate/bed/n02818832_460.JPEG,bed
annotate/bed/n02818832_4600.JPEG,bed
annotate/bed/n02818832_4604.JPEG,bed
annotate/bed/n02818832_4605.JPEG,bed
annotate/bed/n02818832_4611.JPEG,bed
annotate/bed/n02818832_4614.JPEG,bed
annotate/bed/n02818832_4637.JPEG,bed
annotate/bed/n02818832_4639.JPEG,bed
annotate/bed/n02818832_4647.JPEG,bed
annotate/bed/n02818832_466.JPEG,bed
annotate/bed/n02818832_4661.JPEG,bed
annotate/bed/n02818832_4681.JPEG,bed
annotate/bed/n02818832_4709.JPEG,bed
annotate/bed/n02818832_471.JPEG,bed
annotate/bed/n02818832_4710.JPEG,bed
annotate/bed/n02818832_4711.JPEG,bed
annotate/bed/n02818832_4719.JPEG,bed
annotate/bed/n02818832_4734.JPEG,bed
annotate/bed/n02818832_474.JPEG,bed
annotate/bed/n02818832_4746.JPEG,bed
annotate/bed/n02818832_4750.JPEG,bed
annotate/bed/n02818832_4771.JPEG,bed
annotate/bed/n02818832_4772.JPEG,bed
annotate/bed/n02818832_479.JPEG,bed
annotate/bed/n02818832_4794.JPEG,bed
annotate/bed/n02818832_4796.JPEG,bed
annotate/bed/n02818832_48.JPEG,bed
annotate/bed/n02818832_4806.JPEG,bed
annotate/bed/n02818832_4816.JPEG,bed
annotate/bed/n02818832_4818.JPEG,bed
annotate/bed/n02818832_4832.JPEG,bed
annotate/bed/n02818832_485.JPEG,bed
annotate/bed/n02818832_4859.JPEG,bed
annotate/bed/n02818832_486.JPEG,bed
annotate/bed/n02818832_4863.JPEG,bed
annotate/bed/n02818832_4868.JPEG,bed
annotate/bed/n02818832_488.JPEG,bed
annotate/bed/n02818832_4890.JPEG,bed
annotate/bed/n02818832_4895.JPEG,bed
annotate/bed/n02818832_4906.JPEG,bed
annotate/bed/n02818832_4909.JPEG,bed
annotate/bed/n02818832_4912.JPEG,bed
annotate/bed/n02818832_492.JPEG,bed
annotate/bed/n02818832_4922.JPEG,bed
annotate/bed/n02818832_4939.JPEG,bed
annotate/bed/n02818832_4950.JPEG,bed
annotate/bed/n02818832_4965.JPEG,bed
annotate/bed/n02818832_500.JPEG,bed
annotate/bed/n02818832_5005.JPEG,bed
annotate/bed/n02818832_5007.JPEG,bed
annotate/bed/n02818832_5008.JPEG,bed
annotate/bed/n02818832_5013.JPEG,bed
annotate/bed/n02818832_5017.JPEG,bed
annotate/bed/n02818832_5018.JPEG,bed
annotate/bed/n02818832_502.JPEG,bed
annotate/bed/n02818832_5035.JPEG,bed
annotate/bed/n02818832_5054.JPEG,bed
annotate/bed/n02818832_5068.JPEG,bed
annotate/bed/n02818832_5094.JPEG,bed
annotate/bed/n02818832_5116.JPEG,bed
annotate/bed/n02818832_5128.JPEG,bed
annotate/bed/n02818832_513.JPEG,bed
annotate/bed/n02818832_5143.JPEG,bed
annotate/bed/n02818832_5163.JPEG,bed
annotate/bed/n02818832_5164.JPEG,bed
annotate/bed/n02818832_5188.JPEG,bed
annotate/bed/n02818832_52.JPEG,bed
annotate/bed/n02818832_5218.JPEG,bed
annotate/bed/n02818832_5239.JPEG,bed
annotate/bed/n02818832_524.JPEG,bed
annotate/bed/n02818832_5261.JPEG,bed
annotate/bed/n02818832_5276.JPEG,bed
annotate/bed/n02818832_5283.JPEG,bed
annotate/bed/n02818832_5290.JPEG,bed
annotate/bed/n02818832_5308.JPEG,bed
annotate/bed/n02818832_5313.JPEG,bed
annotate/bed/n02818832_5337.JPEG,bed
annotate/bed/n02818832_5360.JPEG,bed
annotate/bed/n02818832_538.JPEG,bed
annotate/bed/n02818832_540.JPEG,bed
annotate/bed/n02818832_5404.JPEG,bed
annotate/bed/n02818832_5408.JPEG,bed
annotate/bed/n02818832_542.JPEG,bed
annotate/bed/n02818832_5422.JPEG,bed
annotate/bed/n02818832_5446.JPEG,bed
annotate/bed/n02818832_5462.JPEG,bed
annotate/bed/n02818832_5478.JPEG,bed
annotate/bed/n02818832_5480.JPEG,bed
annotate/bed/n02818832_5508.JPEG,bed
annotate/bed/n02818832_5512.JPEG,bed
annotate/bed/n02818832_5547.JPEG,bed
annotate/bed/n02818832_556.JPEG,bed
annotate/bed/n02818832_5572.JPEG,bed
annotate/bed/n02818832_5582.JPEG,bed
annotate/bed/n02818832_5593.JPEG,bed
annotate/bed/n02818832_5602.JPEG,bed
annotate/bed/n02818832_5604.JPEG,bed
annotate/bed/n02818832_5611.JPEG,bed
annotate/bed/n02818832_562.JPEG,bed
annotate/bed/n02818832_5641.JPEG,bed
annotate/bed/n02818832_5658.JPEG,bed
annotate/bed/n02818832_566.JPEG,bed
annotate/bed/n02818832_567.JPEG,bed
annotate/bed/n02818832_5677.JPEG,bed
annotate/bed/n02818832_5693.JPEG,bed
annotate/bed/n02818832_5706.JPEG,bed
annotate/bed/n02818832_5715.JPEG,bed
annotate/bed/n02818832_5722.JPEG,bed
annotate/bed/n02818832_5748.JPEG,bed
annotate/bed/n02818832_5758.JPEG,bed
annotate/bed/n02818832_5801.JPEG,bed
annotate/bed/n02818832_5804.JPEG,bed
annotate/bed/n02818832_5810.JPEG,bed
annotate/bed/n02818832_5827.JPEG,bed
annotate/bed/n02818832_5858.JPEG,bed
annotate/bed/n02818832_586.JPEG,bed
annotate/bed/n02818832_5868.JPEG,bed
annotate/bed/n02818832_5875.JPEG,bed
annotate/bed/n02818832_5879.JPEG,bed
annotate/bed/n02818832_5882.JPEG,bed
annotate/bed/n02818832_5887.JPEG,bed
annotate/bed/n02818832_5895.JPEG,bed
annotate/bed/n02818832_5927.JPEG,bed
annotate/bed/n02818832_5950.JPEG,bed
annotate/bed/n02818832_5977.JPEG,bed
annotate/bed/n02818832_5985.JPEG,bed
annotate/bed/n02818832_5993.JPEG,bed
annotate/bed/n02818832_60.JPEG,bed
annotate/bed/n02818832_6006.JPEG,bed
annotate/bed/n02818832_6008.JPEG,bed
annotate/bed/n02818832_601.JPEG,bed
annotate/bed/n02818832_6022.JPEG,bed
annotate/bed/n02818832_605.JPEG,bed
annotate/bed/n02818832_6059.JPEG,bed
annotate/bed/n02818832_606.JPEG,bed
annotate/bed/n02818832_6062.JPEG,bed
annotate/bed/n02818832_6073.JPEG,bed
annotate/bed/n02818832_609.JPEG,bed
annotate/bed/n02818832_6095.JPEG,bed
annotate/bed/n02818832_6115.JPEG,bed
annotate/bed/n02818832_6118.JPEG,bed
annotate/bed/n02818832_6126.JPEG,bed
annotate/bed/n02818832_6142.JPEG,bed
annotate/bed/n02818832_6148.JPEG,bed
annotate/bed/n02818832_6151.JPEG,bed
annotate/bed/n02818832_6152.JPEG,bed
annotate/bed/n02818832_62.JPEG,bed
annotate/bed/n02818832_620.JPEG,bed
annotate/bed/n02818832_6201.JPEG,bed
annotate/bed/n02818832_6226.JPEG,bed
annotate/bed/n02818832_6242.JPEG,bed
annotate/bed/n02818832_627.JPEG,bed
annotate/bed/n02818832_6296.JPEG,bed
annotate/bed/n02818832_6297.JPEG,bed
annotate/bed/n02818832_6333.JPEG,bed
annotate/bed/n02818832_6342.JPEG,bed
annotate/bed/n02818832_6349.JPEG,bed
annotate/bed/n02818832_6363.JPEG,bed
annotate/bed/n02818832_6462.JPEG,bed
annotate/bed/n02818832_648.JPEG,bed
annotate/bed/n02818832_6486.JPEG,bed
annotate/bed/n02818832_6496.JPEG,bed
annotate/bed/n02818832_65.JPEG,bed
annotate/bed/n02818832_6518.JPEG,bed
annotate/bed/n02818832_6519.JPEG,bed
annotate/bed/n02818832_6546.JPEG,bed
annotate/bed/n02818832_6571.JPEG,bed
annotate/bed/n02818832_658.JPEG,bed
annotate/bed/n02818832_6647.JPEG,bed
annotate/bed/n02818832_6675.JPEG,bed
annotate/bed/n02818832_6726.JPEG,bed
annotate/bed/n02818832_6740.JPEG,bed
annotate/bed/n02818832_6743.JPEG,bed
annotate/bed/n02818832_6750.JPEG,bed
annotate/bed/n02818832_6802.JPEG,bed
annotate/bed/n02818832_6835.JPEG,bed
annotate/bed/n02818832_6839.JPEG,bed
annotate/bed/n02818832_6846.JPEG,bed
annotate/bed/n02818832_6851.JPEG,bed
annotate/bed/n02818832_6866.JPEG,bed
annotate/bed/n02818832_687.JPEG,bed
annotate/bed/n02818832_6880.JPEG,bed
annotate/bed/n02818832_689.JPEG,bed
annotate/bed/n02818832_6890.JPEG,bed
annotate/bed/n02818832_6916.JPEG,bed
annotate/bed/n02818832_6925.JPEG,bed
annotate/bed/n02818832_6926.JPEG,bed
annotate/bed/n02818832_693.JPEG,bed
annotate/bed/n02818832_6935.JPEG,bed
annotate/bed/n02818832_6978.JPEG,bed
annotate/bed/n02818832_6989.JPEG,bed
annotate/bed/n02818832_699.JPEG,bed
annotate/bed/n02818832_7016.JPEG,bed
annotate/bed/n02818832_702.JPEG,bed
annotate/bed/n02818832_7027.JPEG,bed
annotate/bed/n02818832_7044.JPEG,bed
annotate/bed/n02818832_7048.JPEG,bed
annotate/bed/n02818832_7074.JPEG,bed
annotate/bed/n02818832_7078.JPEG,bed
annotate/bed/n02818832_7082.JPEG,bed
annotate/bed/n02818832_7085.JPEG,bed
annotate/bed/n02818832_7095.JPEG,bed
annotate/bed/n02818832_7124.JPEG,bed
annotate/bed/n02818832_7125.JPEG,bed
annotate/bed/n02818832_7128.JPEG,bed
annotate/bed/n02818832_7149.JPEG,bed
annotate/bed/n02818832_7157.JPEG,bed
annotate/bed/n02818832_7168.JPEG,bed
annotate/bed/n02818832_7170.JPEG,bed
annotate/bed/n02818832_7181.JPEG,bed
annotate/bed/n02818832_7189.JPEG,bed
annotate/bed/n02818832_719.JPEG,bed
annotate/bed/n02818832_7229.JPEG,bed
annotate/bed/n02818832_723.JPEG,bed
annotate/bed/n02818832_7232.JPEG,bed
annotate/bed/n02818832_7246.JPEG,bed
annotate/bed/n02818832_7264.JPEG,bed
annotate/bed/n02818832_7273.JPEG,bed
annotate/bed/n02818832_7302.JPEG,bed
annotate/bed/n02818832_731.JPEG,bed
annotate/bed/n02818832_7311.JPEG,bed
annotate/bed/n02818832_7324.JPEG,bed
annotate/bed/n02818832_733.JPEG,bed
annotate/bed/n02818832_7346.JPEG,bed
annotate/bed/n02818832_7349.JPEG,bed
annotate/bed/n02818832_735.JPEG,bed
annotate/bed/n02818832_7365.JPEG,bed
annotate/bed/n02818832_7368.JPEG,bed
annotate/bed/n02818832_7392.JPEG,bed
annotate/bed/n02818832_7418.JPEG,bed
annotate/bed/n02818832_742.JPEG,bed
annotate/bed/n02818832_744.JPEG,bed
annotate/bed/n02818832_7446.JPEG,bed
annotate/bed/n02818832_7447.JPEG,bed
annotate/bed/n02818832_7449.JPEG,bed
annotate/bed/n02818832_7464.JPEG,bed
annotate/bed/n02818832_7489.JPEG,bed
annotate/bed/n02818832_749.JPEG,bed
annotate/bed/n02818832_7504.JPEG,bed
annotate/bed/n02818832_7523.JPEG,bed
annotate/bed/n02818832_7533.JPEG,bed
annotate/bed/n02818832_7538.JPEG,bed
annotate/bed/n02818832_7539.JPEG,bed
annotate/bed/n02818832_754.JPEG,bed
annotate/bed/n02818832_7544.JPEG,bed
annotate/bed/n02818832_755.JPEG,bed
annotate/bed/n02818832_756.JPEG,bed
annotate/bed/n02818832_7579.JPEG,bed
annotate/bed/n02818832_7586.JPEG,bed
annotate/bed/n02818832_7592.JPEG,bed
annotate/bed/n02818832_7599.JPEG,bed
annotate/bed/n02818832_7606.JPEG,bed
annotate/bed/n02818832_7610.JPEG,bed
annotate/bed/n02818832_7625.JPEG,bed
annotate/bed/n02818832_7627.JPEG,bed
annotate/bed/n02818832_7632.JPEG,bed
annotate/bed/n02818832_764.JPEG,bed
annotate/bed/n02818832_7645.JPEG,bed
annotate/bed/n02818832_7650.JPEG,bed
annotate/bed/n02818832_766.JPEG,bed
annotate/bed/n02818832_7670.JPEG,bed
annotate/bed/n02818832_7678.JPEG,bed
annotate/bed/n02818832_7693.JPEG,bed
annotate/bed/n02818832_7704.JPEG,bed
annotate/bed/n02818832_7715.JPEG,bed
annotate/bed/n02818832_7724.JPEG,bed
annotate/bed/n02818832_7729.JPEG,bed
annotate/bed/n02818832_7735.JPEG,bed
annotate/bed/n02818832_7746.JPEG,bed
annotate/bed/n02818832_78.JPEG,bed
annotate/bed/n02818832_7845.JPEG,bed
annotate/bed/n02818832_785.JPEG,bed
annotate/bed/n02818832_7851.JPEG,bed
annotate/bed/n02818832_7881.JPEG,bed
annotate/bed/n02818832_7895.JPEG,bed
annotate/bed/n02818832_7916.JPEG,bed
annotate/bed/n02818832_7954.JPEG,bed
annotate/bed/n02818832_80.JPEG,bed
annotate/bed/n02818832_8007.JPEG,bed
annotate/bed/n02818832_8023.JPEG,bed
annotate/bed/n02818832_8041.JPEG,bed
annotate/bed/n02818832_8120.JPEG,bed
annotate/bed/n02818832_8121.JPEG,bed
annotate/bed/n02818832_8124.JPEG,bed
annotate/bed/n02818832_814.JPEG,bed
annotate/bed/n02818832_8141.JPEG,bed
annotate/bed/n02818832_8148.JPEG,bed
annotate/bed/n02818832_8204.JPEG,bed
annotate/bed/n02818832_8211.JPEG,bed
annotate/bed/n02818832_8216.JPEG,bed
annotate/bed/n02818832_8220.JPEG,bed
annotate/bed/n02818832_8221.JPEG,bed
annotate/bed/n02818832_8223.JPEG,bed
annotate/bed/n02818832_8231.JPEG,bed
annotate/bed/n02818832_8233.JPEG,bed
annotate/bed/n02818832_8236.JPEG,bed
annotate/bed/n02818832_8256.JPEG,bed
annotate/bed/n02818832_8267.JPEG,bed
annotate/bed/n02818832_8271.JPEG,bed
annotate/bed/n02818832_8273.JPEG,bed
annotate/bed/n02818832_8284.JPEG,bed
annotate/bed/n02818832_8287.JPEG,bed
annotate/bed/n02818832_8299.JPEG,bed
annotate/bed/n02818832_8303.JPEG,bed
annotate/bed/n02818832_8313.JPEG,bed
annotate/bed/n02818832_8331.JPEG,bed
annotate/bed/n02818832_8339.JPEG,bed
annotate/bed/n02818832_8340.JPEG,bed
annotate/bed/n02818832_8344.JPEG,bed
annotate/bed/n02818832_8346.JPEG,bed
annotate/bed/n02818832_835.JPEG,bed
annotate/bed/n02818832_8352.JPEG,bed
annotate/bed/n02818832_8366.JPEG,bed
annotate/bed/n02818832_8370.JPEG,bed
annotate/bed/n02818832_8373.JPEG,bed
annotate/bed/n02818832_8378.JPEG,bed
annotate/bed/n02818832_8382.JPEG,bed
annotate/bed/n02818832_8392.JPEG,bed
annotate/bed/n02818832_8394.JPEG,bed
annotate/bed/n02818832_8406.JPEG,bed
annotate/bed/n02818832_8409.JPEG,bed
annotate/bed/n02818832_8415.JPEG,bed
annotate/bed/n02818832_8416.JPEG,bed
annotate/bed/n02818832_842.JPEG,bed
annotate/bed/n02818832_8426.JPEG,bed
annotate/bed/n02818832_8431.JPEG,bed
annotate/bed/n02818832_8435.JPEG,bed
annotate/bed/n02818832_8443.JPEG,bed
annotate/bed/n02818832_8454.JPEG,bed
annotate/bed/n02818832_8455.JPEG,bed
annotate/bed/n02818832_8471.JPEG,bed
annotate/bed/n02818832_8483.JPEG,bed
annotate/bed/n02818832_8485.JPEG,bed
annotate/bed/n02818832_8487.JPEG,bed
annotate/bed/n02818832_8508.JPEG,bed
annotate/bed/n02818832_851.JPEG,bed
annotate/bed/n02818832_8514.JPEG,bed
annotate/bed/n02818832_8527.JPEG,bed
annotate/bed/n02818832_8533.JPEG,bed
annotate/bed/n02818832_8552.JPEG,bed
annotate/bed/n02818832_8562.JPEG,bed
annotate/bed/n02818832_8572.JPEG,bed
annotate/bed/n02818832_858.JPEG,bed
annotate/bed/n02818832_8583.JPEG,bed
annotate/bed/n02818832_8586.JPEG,bed
annotate/bed/n02818832_8588.JPEG,bed
annotate/bed/n02818832_859.JPEG,bed
annotate/bed/n02818832_8590.JPEG,bed
annotate/bed/n02818832_8591.JPEG,bed
annotate/bed/n02818832_8609.JPEG,bed
annotate/bed/n02818832_8616.JPEG,bed
annotate/bed/n02818832_8621.JPEG,bed
annotate/bed/n02818832_8628.JPEG,bed
annotate/bed/n02818832_8637.JPEG,bed
annotate/bed/n02818832_8642.JPEG,bed
annotate/bed/n02818832_8661.JPEG,bed
annotate/bed/n02818832_8662.JPEG,bed
annotate/bed/n02818832_8669.JPEG,bed
annotate/bed/n02818832_8672.JPEG,bed
annotate/bed/n02818832_8674.JPEG,bed
annotate/bed/n02818832_8676.JPEG,bed
annotate/bed/n02818832_868.JPEG,bed
annotate/bed/n02818832_8690.JPEG,bed
annotate/bed/n02818832_870.JPEG,bed
annotate/bed/n02818832_8700.JPEG,bed
annotate/bed/n02818832_8701.JPEG,bed
annotate/bed/n02818832_8704.JPEG,bed
annotate/bed/n02818832_8707.JPEG,bed
annotate/bed/n02818832_8708.JPEG,bed
annotate/bed/n02818832_8714.JPEG,bed
annotate/bed/n02818832_8744.JPEG,bed
annotate/bed/n02818832_8746.JPEG,bed
annotate/bed/n02818832_8758.JPEG,bed
annotate/bed/n02818832_8773.JPEG,bed
annotate/bed/n02818832_8793.JPEG,bed
annotate/bed/n02818832_8794.JPEG,bed
annotate/bed/n02818832_8808.JPEG,bed
annotate/bed/n02818832_8822.JPEG,bed
annotate/bed/n02818832_8824.JPEG,bed
annotate/bed/n02818832_8827.JPEG,bed
annotate/bed/n02818832_8828.JPEG,bed
annotate/bed/n02818832_8833.JPEG,bed
annotate/bed/n02818832_8836.JPEG,bed
annotate/bed/n02818832_8847.JPEG,bed
annotate/bed/n02818832_8848.JPEG,bed
annotate/bed/n02818832_8849.JPEG,bed
annotate/bed/n02818832_8857.JPEG,bed
annotate/bed/n02818832_886.JPEG,bed
annotate/bed/n02818832_8865.JPEG,bed
annotate/bed/n02818832_8871.JPEG,bed
annotate/bed/n02818832_8878.JPEG,bed
annotate/bed/n02818832_8885.JPEG,bed
annotate/bed/n02818832_8887.JPEG,bed
annotate/bed/n02818832_8896.JPEG,bed
annotate/bed/n02818832_8908.JPEG,bed
annotate/bed/n02818832_8914.JPEG,bed
annotate/bed/n02818832_8931.JPEG,bed
annotate/bed/n02818832_8935.JPEG,bed
annotate/bed/n02818832_894.JPEG,bed
annotate/bed/n02818832_8946.JPEG,bed
annotate/bed/n02818832_895.JPEG,bed
annotate/bed/n02818832_8962.JPEG,bed
annotate/bed/n02818832_8972.JPEG,bed
annotate/bed/n02818832_8973.JPEG,bed
annotate/bed/n02818832_8981.JPEG,bed
annotate/bed/n02818832_8993.JPEG,bed
annotate/bed/n02818832_8994.JPEG,bed
annotate/bed/n02818832_8997.JPEG,bed
annotate/bed/n02818832_90.JPEG,bed
annotate/bed/n02818832_9000.JPEG,bed
annotate/bed/n02818832_9013.JPEG,bed
annotate/bed/n02818832_9033.JPEG,bed
annotate/bed/n02818832_9064.JPEG,bed
annotate/bed/n02818832_9107.JPEG,bed
annotate/bed/n02818832_911.JPEG,bed
annotate/bed/n02818832_9126.JPEG,bed
annotate/bed/n02818832_9168.JPEG,bed
annotate/bed/n02818832_9181.JPEG,bed
annotate/bed/n02818832_9246.JPEG,bed
annotate/bed/n02818832_9248.JPEG,bed
annotate/bed/n02818832_9252.JPEG,bed
annotate/bed/n02818832_926.JPEG,bed
annotate/bed/n02818832_9310.JPEG,bed
annotate/bed/n02818832_9344.JPEG,bed
annotate/bed/n02818832_9350.JPEG,bed
annotate/bed/n02818832_9368.JPEG,bed
annotate/bed/n02818832_939.JPEG,bed
annotate/bed/n02818832_9411.JPEG,bed
annotate/bed/n02818832_9416.JPEG,bed
annotate/bed/n02818832_9417.JPEG,bed
annotate/bed/n02818832_947.JPEG,bed
annotate/bed/n02818832_949.JPEG,bed
annotate/bed/n02818832_9496.JPEG,bed
annotate/bed/n02818832_9500.JPEG,bed
annotate/bed/n02818832_953.JPEG,bed
annotate/bed/n02818832_9590.JPEG,bed
annotate/bed/n02818832_9611.JPEG,bed
annotate/bed/n02818832_9619.JPEG,bed
annotate/bed/n02818832_9633.JPEG,bed
annotate/bed/n02818832_9653.JPEG,bed
annotate/bed/n02818832_9655.JPEG,bed
annotate/bed/n02818832_967.JPEG,bed
annotate/bed/n02818832_9725.JPEG,bed
annotate/bed/n02818832_9728.JPEG,bed
annotate/bed/n02818832_979.JPEG,bed
annotate/bed/n02818832_9793.JPEG,bed
annotate/bed/n02818832_9815.JPEG,bed
annotate/bed/n02818832_982.JPEG,bed
annotate/bed/n02818832_9825.JPEG,bed
annotate/bed/n02818832_9865.JPEG,bed
annotate/bed/n02818832_9867.JPEG,bed
annotate/bed/n02818832_9873.JPEG,bed
annotate/bed/n02818832_9888.JPEG,bed
annotate/bed/n02818832_9897.JPEG,bed
annotate/bed/n02818832_99.JPEG,bed
annotate/bed/n02818832_9907.JPEG,bed
annotate/bed/n02818832_9916.JPEG,bed
annotate/bed/n02818832_9920.JPEG,bed
annotate/bed/n02818832_9921.JPEG,bed
annotate/bed/n02818832_994.JPEG,bed
annotate/bed/n02818832_9967.JPEG,bed
annotate/bed/n02818832_9975.JPEG,bed
